Method,Emissions,Duration,Energy Consumed
CMA-ES,0.0149148111068131,1994.7379120620003,0.0427081666043412
Gradient,0.0077749546318712,1024.073533769,0.0222633766784662
